url,status,notes,live_url
https://peerpush.net,,,
https://tally.so,,,
https://startupbuffer.com,,,
https://startupinspire.com,,,
https://bio.site,,,
https://nextbigproduct.com,,,
https://linktr.ee,,,
https://pixabay.com,,,
https://academia.edu,,,
https://pexels.com,,,
https://inuidea.com,,,
https://uneed.best,,,
https://open-launch.com,,,
https://whatlaunched.today,,,
https://earlyhunt.com,,,
https://trylaunch.ai,,,
https://launchvault.dev,,,
https://tinylaun.ch,,,
https://foundrlist.com,,,
https://builtbyme.io,,,
